Node_ID,Topological_State,Component_ID,Component_Size,Coreness,Node_Size,Mean_Close_USD,Mean_Log_Return,Dates_Included
0,Center (Core/Consolidation),0,213,4,181,56158.04,0.01296,2021-04-28|2021-06-02|2021-07-06|2021-07-18|2021-07-30|2021-08-06|2021-08-22|2021-09-16|2021-10-03|2021-10-05|2021-10-22|2021-10-27|2021-11-08|2021-11-10|2021-11-17|2021-11-25|2021-12-05|2021-12-14|2022-01-01|2022-01-03|2022-01-08|2022-01-14|2022-01-16|2022-01-22|2022-01-31|2022-02-03|2022-02-08|2022-03-24|2022-03-26|2022-03-29|2022-04-03|2022-04-07|2022-04-09|2022-04-25|2022-05-04|2022-05-26|2022-05-30|2022-07-06|2022-07-13|2022-07-26|2022-08-05|2022-08-07|2022-08-12|2022-08-27|2022-09-07|2022-09-21|2022-09-26|2022-10-03|2022-10-25|2022-10-30|2022-11-04|2022-12-02|2022-12-04|2022-12-08|2022-12-17|2023-01-12|2023-01-14|2023-01-16|2023-01-22|2023-01-29|2023-01-31|2023-03-01|2023-03-10|2023-03-12|2023-04-02|2023-04-10|2023-04-29|2023-05-19|2023-05-25|2023-05-27|2023-06-15|2023-06-23|2023-06-25|2023-07-07|2023-07-13|2023-07-15|2023-07-23|2023-07-25|2023-08-03|2023-08-10|2023-08-18|2023-08-25|2023-08-29|2023-09-14|2023-10-03|2023-10-08|2023-10-16|2023-10-18|2023-10-20|2023-10-25|2023-11-03|2023-11-24|2023-12-04|2023-12-12|2023-12-27|2024-01-06|2024-01-19|2024-01-23|2024-02-07|2024-02-09|2024-02-11|2024-02-26|2024-03-13|2024-04-03|2024-04-06|2024-04-16|2024-05-03|2024-05-07|2024-05-11|2024-05-29|2024-06-03|2024-06-08|2024-06-12|2024-06-14|2024-06-27|2024-07-10|2024-07-15|2024-07-17|2024-07-19|2024-07-28|2024-07-30|2024-08-03|2024-09-04|2024-09-13|2024-09-17|2024-09-26|2024-10-06|2024-10-08|2024-10-14|2024-10-16|2024-10-24|2024-11-05|2024-11-08|2024-11-10|2024-11-26|2024-12-01|2024-12-08|2024-12-15|2025-01-06|2025-01-08|2025-01-14|2025-01-25|2025-01-29|2025-02-12|2025-02-14|2025-02-22|2025-03-10|2025-03-14|2025-04-21|2025-04-24|2025-04-30|2025-05-05|2025-05-10|2025-05-20|2025-06-06|2025-06-25|2025-07-10|2025-07-24|2025-08-15|2025-08-30|2025-09-12|2025-09-20|2025-09-26|2025-09-28|2025-10-03|2025-10-08|2025-10-22|2025-11-15|2025-11-17|2025-11-28|2025-12-11|2025-12-30|2026-01-01|2026-01-30|2026-02-01|2026-02-24|2026-02-27|2026-04-07|2026-04-09|2026-04-13|2026-04-15
1,Center (Core/Consolidation),0,213,3,77,59016.4,0.024631,2021-04-28|2021-07-01|2021-07-23|2021-07-30|2021-09-05|2021-09-08|2021-09-22|2021-10-01|2021-10-03|2021-10-08|2021-10-13|2021-10-22|2021-10-27|2021-11-19|2021-11-25|2022-01-01|2022-01-14|2022-02-04|2022-02-06|2022-02-24|2022-04-27|2022-06-04|2022-07-04|2022-07-26|2022-08-12|2022-09-07|2022-10-03|2022-10-25|2022-12-22|2023-03-12|2023-03-17|2023-04-18|2023-05-02|2023-05-25|2023-05-30|2023-07-15|2023-11-15|2023-11-24|2023-12-12|2023-12-18|2023-12-27|2024-01-04|2024-01-15|2024-02-14|2024-02-28|2024-03-13|2024-05-22|2024-06-25|2024-06-27|2024-07-08|2024-08-21|2024-09-17|2024-09-26|2024-10-16|2024-11-10|2024-11-13|2024-12-01|2024-12-06|2024-12-13|2024-12-15|2025-01-17|2025-02-03|2025-02-27|2025-04-03|2025-05-08|2025-05-10|2025-06-06|2025-06-23|2025-08-15|2025-08-22|2025-11-07|2025-11-23|2025-12-02|2025-12-11|2026-01-21|2026-02-24|2026-03-25
2,Center (Core/Consolidation),0,213,4,58,55029.31,-0.013775,2021-04-29|2021-06-20|2021-06-23|2021-07-24|2021-08-12|2021-08-28|2021-10-14|2021-11-20|2022-03-01|2022-03-03|2022-03-17|2022-04-10|2022-04-28|2022-05-07|2022-06-15|2022-06-26|2022-08-21|2022-08-28|2022-08-30|2023-01-30|2023-02-18|2023-03-24|2023-04-21|2023-07-16|2023-10-26|2023-11-18|2023-11-25|2023-12-28|2024-01-11|2024-02-29|2024-03-16|2024-03-18|2024-03-23|2024-04-09|2024-04-11|2024-04-15|2024-05-16|2024-05-18|2024-05-23|2024-06-28|2024-08-04|2024-08-22|2024-08-24|2024-09-03|2024-09-05|2024-10-25|2024-12-09|2025-01-09|2025-03-05|2025-04-06|2025-04-08|2025-08-23|2025-08-29|2025-11-08|2026-01-31|2026-04-08|2026-04-14|2026-04-16
3,Center (Core/Consolidation),0,213,4,48,53864.25,-0.010574,2021-04-29|2021-06-20|2021-07-07|2021-08-16|2021-10-14|2021-11-24|2022-01-09|2022-03-12|2022-03-17|2022-04-28|2022-05-27|2022-06-26|2022-08-13|2022-08-21|2022-08-28|2022-08-30|2022-12-05|2023-03-24|2023-04-21|2023-06-09|2023-07-16|2023-11-25|2023-12-21|2024-01-09|2024-01-11|2024-01-16|2024-02-17|2024-03-02|2024-03-16|2024-03-23|2024-04-11|2024-04-13|2024-04-15|2024-05-12|2024-05-14|2024-05-18|2024-08-24|2024-08-26|2024-12-02|2024-12-09|2025-01-11|2025-02-06|2025-03-05|2025-03-09|2025-05-11|2025-12-05|2026-02-02|2026-04-16
4,Flare (Branch/Trend),0,213,1,1,57750.18,0.075415,2021-04-30
5,Center (Core/Consolidation),0,213,3,24,54343.87,0.033559,2021-04-30|2021-06-24|2021-07-23|2021-10-03|2021-10-13|2021-11-19|2022-02-06|2022-04-27|2022-08-12|2023-02-17|2023-03-21|2023-11-17|2023-11-24|2023-12-12|2024-01-15|2024-02-28|2024-04-18|2024-05-17|2024-08-23|2024-11-10|2024-11-15|2025-05-10|2025-12-02|2026-03-04
6,Outlier (Anomaly),1,1,0,1,57828.05,0.001348,2021-05-01
7,Center (Core/Consolidation),0,213,3,24,46358.5,-0.004653,2021-05-02|2021-05-11|2021-05-30|2021-07-03|2021-08-17|2021-11-29|2021-12-01|2022-03-20|2022-05-01|2022-05-08|2022-05-28|2022-06-08|2022-06-25|2022-08-14|2023-04-24|2023-06-10|2023-06-27|2023-11-26|2024-01-17|2024-04-12|2024-05-19|2024-11-19|2025-01-12|2026-03-08
8,Center (Core/Consolidation),0,213,4,230,56244.23,-0.006266,2021-05-03|2021-06-20|2021-07-07|2021-07-19|2021-07-28|2021-08-23|2021-09-06|2021-09-17|2021-09-19|2021-09-23|2021-10-09|2021-10-23|2021-11-05|2021-11-11|2021-11-16|2021-11-24|2021-12-06|2021-12-08|2021-12-16|2021-12-28|2022-01-09|2022-01-13|2022-01-17|2022-01-19|2022-02-19|2022-02-23|2022-03-08|2022-04-04|2022-04-06|2022-04-21|2022-05-27|2022-06-30|2022-07-12|2022-07-14|2022-07-16|2022-07-21|2022-08-04|2022-08-06|2022-08-13|2022-08-17|2022-08-28|2022-09-05|2022-09-25|2022-09-29|2022-10-09|2022-10-14|2022-10-18|2022-10-24|2022-10-26|2022-10-31|2022-11-02|2022-11-20|2022-12-05|2022-12-07|2022-12-09|2022-12-11|2022-12-16|2022-12-18|2022-12-23|2022-12-27|2023-01-07|2023-01-09|2023-01-17|2023-01-23|2023-01-28|2023-02-01|2023-02-06|2023-02-08|2023-02-28|2023-03-02|2023-03-07|2023-03-09|2023-03-11|2023-04-03|2023-04-05|2023-04-07|2023-05-10|2023-05-20|2023-05-24|2023-05-31|2023-06-18|2023-06-24|2023-06-26|2023-06-28|2023-06-30|2023-07-02|2023-07-04|2023-07-06|2023-07-08|2023-07-10|2023-07-12|2023-07-16|2023-07-22|2023-07-26|2023-08-02|2023-08-04|2023-08-06|2023-08-11|2023-08-13|2023-08-19|2023-08-21|2023-08-24|2023-08-26|2023-08-28|2023-09-08|2023-09-10|2023-09-15|2023-10-04|2023-10-09|2023-10-11|2023-10-13|2023-10-17|2023-10-19|2023-10-21|2023-11-25|2023-11-29|2023-12-15|2023-12-17|2024-01-07|2024-01-11|2024-01-16|2024-01-20|2024-02-10|2024-02-17|2024-02-19|2024-02-21|2024-02-23|2024-02-25|2024-02-27|2024-03-29|2024-04-02|2024-04-13|2024-04-30|2024-05-04|2024-05-06|2024-05-08|2024-05-12|2024-05-14|2024-05-30|2024-06-09|2024-06-13|2024-06-15|2024-06-20|2024-07-09|2024-07-18|2024-07-20|2024-07-29|2024-07-31|2024-08-18|2024-08-20|2024-08-31|2024-09-14|2024-09-18|2024-09-20|2024-09-27|2024-09-29|2024-10-07|2024-10-09|2024-10-15|2024-10-23|2024-11-09|2024-11-22|2024-12-02|2024-12-20|2024-12-22|2024-12-25|2024-12-29|2025-01-22|2025-01-26|2025-01-28|2025-01-30|2025-02-01|2025-02-06|2025-02-11|2025-02-15|2025-02-23|2025-02-28|2025-03-09|2025-03-15|2025-03-28|2025-04-04|2025-04-17|2025-04-25|2025-04-27|2025-05-11|2025-05-16|2025-05-21|2025-05-23|2025-05-25|2025-05-27|2025-06-05|2025-06-07|2025-06-14|2025-06-19|2025-06-21|2025-06-26|2025-06-30|2025-07-07|2025-07-11|2025-07-25|2025-07-30|2025-08-01|2025-08-18|2025-08-21|2025-09-13|2025-09-19|2025-09-21|2025-10-04|2025-10-13|2025-10-21|2025-11-24|2025-11-27|2025-11-29|2025-12-01|2025-12-05|2025-12-12|2025-12-14|2025-12-31|2026-01-02|2026-01-06|2026-01-14|2026-01-22|2026-01-24|2026-01-27|2026-02-02|2026-02-21|2026-03-24|2026-04-10|2026-04-12|2026-04-16
9,Center (Core/Consolidation),0,213,4,163,57256.91,0.000357,2021-05-03|2021-07-04|2021-07-09|2021-07-14|2021-07-16|2021-07-28|2021-08-07|2021-08-23|2021-09-06|2021-09-11|2021-09-17|2021-09-19|2021-10-04|2021-10-30|2021-11-05|2021-11-11|2021-11-24|2021-11-30|2021-12-02|2021-12-06|2021-12-11|2021-12-26|2022-01-04|2022-01-09|2022-01-19|2022-01-23|2022-01-25|2022-02-23|2022-03-08|2022-04-06|2022-04-18|2022-04-23|2022-04-30|2022-05-27|2022-06-09|2022-06-28|2022-07-12|2022-07-16|2022-07-21|2022-07-29|2022-08-08|2022-08-15|2022-09-03|2022-09-05|2022-09-27|2022-10-01|2022-10-26|2022-11-02|2022-11-17|2022-11-27|2022-12-11|2022-12-25|2023-01-09|2023-01-28|2023-02-03|2023-02-06|2023-03-13|2023-03-15|2023-04-03|2023-04-05|2023-04-30|2023-05-05|2023-05-10|2023-06-02|2023-06-16|2023-06-18|2023-07-02|2023-07-10|2023-07-12|2023-07-18|2023-07-20|2023-07-28|2023-08-06|2023-08-21|2023-08-28|2023-09-01|2023-09-03|2023-09-06|2023-09-17|2023-10-11|2023-10-21|2023-12-13|2023-12-15|2023-12-17|2023-12-23|2023-12-30|2024-01-20|2024-01-24|2024-01-29|2024-02-03|2024-02-19|2024-02-23|2024-02-27|2024-04-23|2024-04-25|2024-05-02|2024-05-08|2024-05-14|2024-05-30|2024-06-04|2024-06-17|2024-07-02|2024-07-11|2024-07-18|2024-07-24|2024-08-15|2024-09-18|2024-09-22|2024-09-29|2024-10-01|2024-10-07|2024-10-11|2024-10-19|2024-10-27|2024-12-02|2024-12-04|2024-12-16|2024-12-20|2025-01-13|2025-01-20|2025-01-26|2025-01-28|2025-02-01|2025-02-06|2025-02-17|2025-03-09|2025-03-13|2025-03-26|2025-04-04|2025-04-27|2025-05-21|2025-05-29|2025-06-09|2025-06-14|2025-06-21|2025-06-28|2025-07-07|2025-07-27|2025-08-18|2025-08-27|2025-08-31|2025-09-02|2025-09-04|2025-09-29|2025-10-06|2025-10-13|2025-10-17|2025-10-23|2025-10-31|2025-11-12|2025-11-18|2025-11-20|2025-12-16|2025-12-24|2026-01-04|2026-01-24|2026-02-02|2026-02-21|2026-03-12|2026-03-14|2026-04-02|2026-04-10|2026-04-12
10,Outlier (Anomaly),2,4,3,1,53333.54,-0.069994,2021-05-04
11,Outlier (Anomaly),2,4,3,1,53333.54,-0.069994,2021-05-04
12,Outlier (Anomaly),2,4,3,1,53333.54,-0.069994,2021-05-04
13,Outlier (Anomaly),2,4,3,1,53333.54,-0.069994,2021-05-04
14,Outlier (Anomaly),3,1,0,1,57424.01,0.073897,2021-05-05
15,Outlier (Anomaly),4,1,0,1,56396.52,-0.018055,2021-05-06
16,Outlier (Anomaly),5,2,1,1,57356.4,0.016877,2021-05-07
17,Outlier (Anomaly),5,2,1,1,57356.4,0.016877,2021-05-07
18,Outlier (Anomaly),6,2,1,1,58803.78,0.024922,2021-05-08
19,Outlier (Anomaly),6,2,1,1,58803.78,0.024922,2021-05-08
20,Outlier (Anomaly),7,2,1,1,58232.32,-0.009766,2021-05-09
21,Outlier (Anomaly),7,2,1,1,58232.32,-0.009766,2021-05-09
22,Outlier (Anomaly),8,2,1,1,55859.8,-0.041596,2021-05-10
23,Outlier (Anomaly),8,2,1,1,55859.8,-0.041596,2021-05-10
24,Center (Core/Consolidation),0,213,3,49,52555.16,-0.001436,2021-05-11|2021-06-19|2021-08-17|2021-08-29|2021-08-31|2021-10-19|2021-11-21|2021-11-29|2021-12-01|2022-03-13|2022-04-29|2022-05-01|2022-05-28|2022-06-08|2022-06-25|2022-06-27|2022-07-20|2022-08-14|2022-08-22|2022-08-31|2022-09-02|2022-12-06|2023-02-19|2023-03-25|2023-04-24|2023-06-27|2023-07-17|2023-10-27|2023-11-26|2023-12-22|2024-02-18|2024-03-03|2024-04-12|2024-04-20|2024-04-22|2024-05-19|2024-08-25|2024-09-06|2024-11-19|2024-12-03|2024-12-10|2025-02-07|2025-03-06|2025-03-23|2025-05-12|2025-08-28|2025-12-06|2026-03-06|2026-04-17
25,Center (Core/Consolidation),0,213,3,76,55042.25,-0.010725,2021-05-11|2021-05-30|2021-06-28|2021-07-03|2021-07-10|2021-07-15|2021-07-27|2021-08-03|2021-08-19|2021-09-02|2021-10-31|2021-12-01|2021-12-27|2022-01-05|2022-03-20|2022-04-11|2022-04-19|2022-05-01|2022-05-28|2022-06-01|2022-06-08|2022-06-29|2022-07-22|2022-08-09|2022-08-14|2022-08-24|2022-09-04|2022-09-23|2022-10-10|2022-11-01|2023-02-04|2023-03-27|2023-05-01|2023-05-11|2023-06-03|2023-06-12|2023-06-27|2023-07-19|2023-10-29|2023-11-26|2023-12-14|2023-12-24|2024-01-12|2024-01-17|2024-03-19|2024-04-12|2024-04-24|2024-05-31|2024-07-01|2024-07-12|2024-08-05|2024-09-08|2024-09-30|2024-10-30|2024-11-19|2024-11-28|2024-12-12|2024-12-17|2025-01-27|2025-02-09|2025-03-12|2025-03-18|2025-03-25|2025-04-18|2025-05-14|2025-05-28|2025-08-19|2025-09-03|2025-09-30|2025-11-11|2025-11-19|2026-01-25|2026-03-08|2026-03-29|2026-04-11|2026-04-19
26,Center (Core/Consolidation),0,213,4,172,53968.85,-0.004045,2021-05-11|2021-06-28|2021-07-20|2021-07-27|2021-07-29|2021-08-01|2021-08-03|2021-08-08|2021-08-19|2021-09-10|2021-09-18|2021-09-29|2021-10-10|2021-10-29|2021-10-31|2021-11-04|2021-11-12|2021-11-21|2021-12-01|2021-12-07|2021-12-12|2021-12-18|2021-12-21|2021-12-29|2022-01-10|2022-01-18|2022-01-20|2022-01-24|2022-01-29|2022-03-13|2022-03-22|2022-03-31|2022-04-05|2022-04-22|2022-04-29|2022-05-01|2022-05-28|2022-06-01|2022-06-08|2022-06-29|2022-07-01|2022-07-08|2022-07-11|2022-07-17|2022-07-20|2022-08-03|2022-08-09|2022-08-14|2022-08-16|2022-09-02|2022-09-04|2022-09-28|2022-10-02|2022-10-10|2022-10-19|2022-10-27|2022-11-01|2022-11-21|2022-12-06|2022-12-12|2022-12-19|2022-12-24|2022-12-26|2023-01-18|2023-02-02|2023-02-24|2023-03-08|2023-03-14|2023-03-29|2023-04-04|2023-04-06|2023-04-26|2023-05-11|2023-05-21|2023-06-01|2023-06-17|2023-06-27|2023-07-03|2023-07-09|2023-07-17|2023-07-19|2023-07-27|2023-07-29|2023-08-07|2023-08-14|2023-08-22|2023-08-31|2023-09-02|2023-09-05|2023-09-11|2023-09-16|2023-10-05|2023-10-10|2023-10-22|2023-10-31|2023-11-07|2023-11-26|2023-11-28|2023-12-14|2023-12-16|2023-12-22|2023-12-24|2023-12-31|2024-02-02|2024-02-18|2024-02-20|2024-02-22|2024-04-12|2024-04-24|2024-05-05|2024-05-09|2024-05-31|2024-06-05|2024-06-10|2024-06-16|2024-07-01|2024-07-12|2024-07-21|2024-07-25|2024-08-05|2024-09-06|2024-09-08|2024-09-15|2024-09-19|2024-09-23|2024-10-20|2024-11-19|2024-11-21|2024-11-28|2024-12-03|2024-12-17|2024-12-21|2024-12-23|2024-12-30|2025-01-21|2025-01-27|2025-01-31|2025-02-07|2025-02-09|2025-02-16|2025-02-18|2025-03-12|2025-04-18|2025-04-28|2025-05-12|2025-05-28|2025-06-15|2025-06-22|2025-06-29|2025-07-01|2025-07-12|2025-08-02|2025-08-28|2025-09-03|2025-09-14|2025-09-22|2025-09-30|2025-10-05|2025-10-18|2025-11-19|2025-11-25|2025-11-30|2025-12-06|2025-12-08|2025-12-15|2026-01-12|2026-01-25|2026-02-15|2026-02-20|2026-03-22|2026-04-11|2026-04-19
27,Outlier (Anomaly),9,1,0,1,49150.54,-0.142967,2021-05-12
28,Outlier (Anomaly),10,1,0,1,49716.19,0.011443,2021-05-13
29,Outlier (Anomaly),11,1,0,1,49880.54,0.0033,2021-05-14
30,Outlier (Anomaly),12,2,1,1,46760.19,-0.064599,2021-05-15
31,Outlier (Anomaly),12,2,1,1,46760.19,-0.064599,2021-05-15
32,Outlier (Anomaly),13,2,1,1,46456.06,-0.006525,2021-05-16
33,Outlier (Anomaly),13,2,1,1,46456.06,-0.006525,2021-05-16
34,Outlier (Anomaly),14,1,0,1,43537.51,-0.064884,2021-05-17
35,Outlier (Anomaly),15,2,1,1,42909.4,-0.014532,2021-05-18
36,Outlier (Anomaly),15,2,1,1,42909.4,-0.014532,2021-05-18
37,Outlier (Anomaly),16,1,0,1,37002.44,-0.148107,2021-05-19
38,Outlier (Anomaly),17,1,0,1,40782.74,0.097275,2021-05-20
39,Outlier (Anomaly),18,1,0,1,37304.69,-0.08914,2021-05-21
40,Outlier (Anomaly),19,2,1,1,37536.63,0.006198,2021-05-22
41,Outlier (Anomaly),19,2,1,1,37536.63,0.006198,2021-05-22
42,Outlier (Anomaly),20,1,0,1,34770.58,-0.076546,2021-05-23
43,Outlier (Anomaly),21,2,1,1,38705.98,0.107222,2021-05-24
44,Outlier (Anomaly),21,2,1,1,38705.98,0.107222,2021-05-24
45,Outlier (Anomaly),22,1,0,1,38402.22,-0.007879,2021-05-25
46,Outlier (Anomaly),23,1,0,1,39294.2,0.022962,2021-05-26
47,Outlier (Anomaly),24,1,0,1,38436.97,-0.022057,2021-05-27
48,Outlier (Anomaly),25,1,0,1,35697.61,-0.073936,2021-05-28
49,Outlier (Anomaly),26,2,1,1,34616.07,-0.030766,2021-05-29
50,Outlier (Anomaly),26,2,1,1,34616.07,-0.030766,2021-05-29
51,Center (Core/Consolidation),0,213,3,1,35678.13,0.03022,2021-05-30
52,Center (Core/Consolidation),0,213,3,1,35678.13,0.03022,2021-05-30
53,Center (Core/Consolidation),0,213,4,318,59936.79,0.008628,2021-05-31|2021-06-05|2021-07-04|2021-07-09|2021-07-16|2021-07-18|2021-07-28|2021-07-30|2021-08-20|2021-08-22|2021-08-25|2021-09-03|2021-09-16|2021-09-26|2021-10-22|2021-10-25|2021-10-30|2021-11-01|2021-11-05|2021-11-07|2021-11-08|2021-11-10|2021-11-11|2021-11-13|2021-11-17|2021-12-11|2021-12-19|2022-01-01|2022-01-14|2022-01-25|2022-01-31|2022-02-03|2022-02-12|2022-02-14|2022-02-15|2022-02-18|2022-03-24|2022-03-26|2022-04-15|2022-04-18|2022-04-20|2022-04-23|2022-04-25|2022-05-04|2022-06-11|2022-07-02|2022-07-09|2022-07-12|2022-07-27|2022-07-29|2022-07-31|2022-09-05|2022-09-24|2022-10-01|2022-10-03|2022-10-06|2022-10-08|2022-10-11|2022-10-13|2022-10-16|2022-10-17|2022-10-21|2022-10-30|2022-11-02|2022-11-03|2022-11-04|2022-11-17|2022-11-19|2022-11-22|2022-11-27|2022-11-30|2022-12-02|2022-12-20|2022-12-29|2022-12-31|2023-01-03|2023-01-06|2023-01-09|2023-01-11|2023-01-12|2023-01-13|2023-01-14|2023-01-19|2023-01-22|2023-02-05|2023-02-06|2023-02-10|2023-02-12|2023-02-25|2023-03-01|2023-03-04|2023-03-06|2023-03-10|2023-03-13|2023-03-15|2023-03-16|2023-04-05|2023-04-09|2023-04-10|2023-04-13|2023-04-15|2023-05-05|2023-05-12|2023-05-14|2023-05-15|2023-05-17|2023-05-22|2023-05-25|2023-05-27|2023-06-04|2023-06-13|2023-06-18|2023-06-21|2023-07-10|2023-07-12|2023-07-13|2023-07-20|2023-07-21|2023-07-23|2023-07-28|2023-07-30|2023-08-03|2023-08-06|2023-08-08|2023-08-10|2023-08-25|2023-08-28|2023-09-01|2023-09-03|2023-09-06|2023-09-07|2023-09-14|2023-09-17|2023-09-22|2023-09-27|2023-09-28|2023-09-30|2023-10-01|2023-10-03|2023-10-08|2023-10-11|2023-10-15|2023-10-16|2023-10-18|2023-11-01|2023-11-03|2023-11-06|2023-11-09|2023-11-12|2023-12-01|2023-12-03|2023-12-04|2023-12-25|2024-01-29|2024-01-31|2024-02-03|2024-02-06|2024-02-07|2024-02-09|2024-02-11|2024-02-12|2024-02-23|2024-02-27|2024-03-27|2024-03-28|2024-04-03|2024-04-04|2024-04-06|2024-04-25|2024-04-27|2024-05-02|2024-05-07|2024-05-27|2024-05-29|2024-05-30|2024-06-01|2024-06-03|2024-06-04|2024-06-06|2024-06-08|2024-06-19|2024-07-02|2024-07-05|2024-07-10|2024-07-14|2024-07-15|2024-07-17|2024-07-18|2024-07-24|2024-07-26|2024-07-28|2024-08-15|2024-08-17|2024-09-13|2024-09-22|2024-09-24|2024-10-01|2024-10-04|2024-10-06|2024-10-08|2024-10-11|2024-10-13|2024-10-14|2024-10-16|2024-10-31|2024-11-05|2024-11-24|2024-11-26|2024-12-04|2024-12-28|2025-01-01|2025-01-02|2025-01-04|2025-01-05|2025-01-06|2025-01-25|2025-01-28|2025-01-29|2025-02-01|2025-02-10|2025-02-12|2025-02-17|2025-02-19|2025-02-22|2025-02-25|2025-03-10|2025-03-11|2025-03-13|2025-03-14|2025-03-16|2025-03-26|2025-04-01|2025-04-19|2025-04-21|2025-04-22|2025-04-24|2025-04-27|2025-04-30|2025-05-01|2025-05-03|2025-05-05|2025-05-06|2025-05-15|2025-05-18|2025-05-20|2025-05-21|2025-05-29|2025-06-06|2025-06-09|2025-06-11|2025-06-18|2025-06-21|2025-07-02|2025-07-07|2025-07-10|2025-07-13|2025-07-21|2025-07-22|2025-07-24|2025-07-27|2025-07-29|2025-08-03|2025-08-06|2025-08-07|2025-08-12|2025-08-15|2025-09-04|2025-09-07|2025-09-10|2025-09-12|2025-09-15|2025-09-20|2025-09-23|2025-09-26|2025-10-03|2025-10-06|2025-10-08|2025-10-11|2025-10-13|2025-10-16|2025-10-17|2025-10-20|2025-10-22|2025-10-23|2025-10-25|2025-10-28|2025-10-31|2025-11-02|2025-11-12|2025-11-15|2025-11-17|2025-11-28|2025-12-11|2025-12-16|2025-12-18|2025-12-19|2025-12-21|2025-12-24|2025-12-29|2025-12-30|2026-01-01|2026-01-04|2026-01-10|2026-01-16|2026-01-18|2026-02-16|2026-02-18|2026-02-21|2026-02-24|2026-02-25|2026-02-27|2026-03-14|2026-03-20|2026-03-23|2026-03-30|2026-04-02|2026-04-05|2026-04-20
54,Center (Core/Consolidation),0,213,4,119,55623.56,0.021395,2021-05-31|2021-06-08|2021-06-29|2021-07-04|2021-07-09|2021-07-16|2021-07-30|2021-08-20|2021-08-25|2021-09-05|2021-09-13|2021-09-22|2021-09-27|2021-09-30|2021-10-01|2021-10-11|2021-10-22|2021-10-25|2021-11-02|2021-11-07|2021-12-11|2021-12-15|2021-12-20|2022-01-01|2022-01-06|2022-01-14|2022-01-27|2022-02-04|2022-02-18|2022-03-27|2022-04-01|2022-04-17|2022-04-18|2022-06-02|2022-07-04|2022-07-23|2022-07-27|2022-08-01|2022-09-24|2022-10-03|2022-10-28|2022-11-17|2022-11-22|2022-11-27|2022-12-13|2022-12-22|2023-01-25|2023-02-22|2023-02-25|2023-03-13|2023-03-15|2023-03-16|2023-03-17|2023-03-31|2023-05-02|2023-05-05|2023-05-07|2023-05-25|2023-05-28|2023-05-30|2023-06-13|2023-06-20|2023-08-23|2023-09-03|2023-09-06|2023-09-12|2023-09-17|2023-10-06|2023-12-25|2024-01-01|2024-01-04|2024-01-26|2024-01-28|2024-01-31|2024-06-25|2024-07-13|2024-08-21|2024-09-09|2024-09-12|2024-10-16|2024-11-06|2024-11-29|2024-12-06|2024-12-13|2024-12-24|2025-01-02|2025-01-15|2025-02-03|2025-02-17|2025-03-16|2025-04-01|2025-04-16|2025-04-19|2025-04-22|2025-05-18|2025-06-06|2025-06-09|2025-06-11|2025-06-18|2025-06-23|2025-08-15|2025-08-20|2025-10-01|2025-10-17|2025-11-05|2025-11-12|2025-11-23|2025-11-26|2025-12-11|2025-12-18|2025-12-21|2026-01-13|2026-01-21|2026-02-04|2026-02-13|2026-02-24|2026-02-25|2026-03-25|2026-04-20
55,Center (Core/Consolidation),0,213,4,95,57696.64,-0.017611,2021-06-01|2021-06-06|2021-06-07|2021-06-10|2021-07-10|2021-08-03|2021-08-05|2021-09-15|2021-09-24|2021-10-31|2021-11-03|2021-11-09|2021-11-14|2021-11-15|2021-12-04|2021-12-09|2022-01-02|2022-01-05|2022-01-26|2022-03-28|2022-04-02|2022-04-16|2022-04-19|2022-06-01|2022-06-03|2022-06-10|2022-06-12|2022-07-10|2022-08-02|2022-08-09|2022-09-06|2022-09-23|2022-10-10|2022-10-29|2022-11-08|2022-12-14|2023-01-26|2023-02-04|2023-04-01|2023-04-17|2023-04-28|2023-05-01|2023-05-03|2023-05-06|2023-05-11|2023-05-29|2023-06-03|2023-06-22|2023-09-04|2023-10-07|2023-12-26|2024-01-02|2024-01-27|2024-01-30|2024-02-13|2024-03-12|2024-04-01|2024-04-26|2024-05-31|2024-07-03|2024-07-07|2024-08-29|2024-09-25|2024-09-30|2024-10-30|2024-11-25|2024-11-28|2024-11-30|2024-12-05|2024-12-12|2024-12-14|2025-01-16|2025-02-26|2025-03-12|2025-03-18|2025-04-02|2025-04-23|2025-05-14|2025-05-19|2025-06-10|2025-07-28|2025-08-14|2025-08-19|2025-10-07|2025-10-10|2025-11-06|2025-11-13|2025-11-16|2025-11-19|2025-12-17|2026-01-20|2026-01-25|2026-02-26|2026-03-10|2026-03-29
56,Center (Core/Consolidation),0,213,4,291,58924.09,-0.009622,2021-06-01|2021-06-04|2021-06-06|2021-06-07|2021-07-17|2021-07-20|2021-07-29|2021-08-02|2021-08-03|2021-08-08|2021-08-21|2021-08-24|2021-09-04|2021-09-15|2021-09-24|2021-09-28|2021-10-31|2021-11-03|2021-11-09|2021-11-12|2021-11-14|2021-11-15|2021-12-03|2021-12-07|2021-12-12|2021-12-16|2021-12-18|2021-12-21|2021-12-22|2021-12-31|2022-01-20|2022-01-24|2022-01-26|2022-01-29|2022-02-02|2022-02-13|2022-02-16|2022-02-17|2022-02-19|2022-02-20|2022-02-21|2022-03-25|2022-03-28|2022-04-13|2022-04-21|2022-04-22|2022-04-24|2022-05-03|2022-06-01|2022-06-10|2022-07-01|2022-07-08|2022-07-11|2022-07-17|2022-07-24|2022-07-30|2022-08-03|2022-08-09|2022-08-16|2022-09-06|2022-09-25|2022-09-29|2022-10-02|2022-10-05|2022-10-07|2022-10-10|2022-10-18|2022-10-19|2022-10-24|2022-10-27|2022-10-29|2022-11-05|2022-11-07|2022-11-18|2022-11-20|2022-11-21|2022-11-28|2022-12-01|2022-12-03|2022-12-14|2022-12-16|2022-12-19|2022-12-21|2022-12-26|2022-12-30|2023-01-15|2023-01-21|2023-02-08|2023-02-09|2023-02-23|2023-02-24|2023-02-26|2023-03-03|2023-03-05|2023-03-07|2023-03-08|2023-03-14|2023-03-29|2023-03-30|2023-04-06|2023-04-11|2023-04-16|2023-04-17|2023-04-26|2023-04-28|2023-05-03|2023-05-11|2023-05-16|2023-05-18|2023-05-21|2023-05-23|2023-05-24|2023-05-26|2023-06-17|2023-06-22|2023-07-06|2023-07-29|2023-08-02|2023-08-04|2023-08-07|2023-08-09|2023-08-14|2023-08-22|2023-09-02|2023-09-05|2023-09-08|2023-09-11|2023-09-13|2023-09-20|2023-09-21|2023-09-26|2023-09-29|2023-10-02|2023-10-04|2023-10-05|2023-10-17|2023-10-30|2023-10-31|2023-11-02|2023-11-07|2023-11-10|2023-11-13|2023-12-09|2024-01-02|2024-01-03|2024-01-30|2024-02-01|2024-02-02|2024-02-04|2024-02-13|2024-02-21|2024-02-22|2024-03-31|2024-04-01|2024-04-07|2024-04-26|2024-04-28|2024-05-28|2024-05-31|2024-06-02|2024-06-05|2024-06-07|2024-06-10|2024-06-11|2024-06-18|2024-06-23|2024-06-24|2024-07-03|2024-07-04|2024-07-16|2024-07-22|2024-07-25|2024-07-27|2024-08-20|2024-09-01|2024-09-10|2024-09-14|2024-09-15|2024-09-16|2024-09-23|2024-09-25|2024-10-03|2024-10-05|2024-10-12|2024-10-15|2024-10-17|2024-10-21|2024-11-04|2024-11-22|2024-11-28|2024-12-14|2024-12-21|2024-12-22|2024-12-23|2024-12-26|2024-12-30|2024-12-31|2025-01-03|2025-01-16|2025-01-24|2025-01-30|2025-01-31|2025-02-02|2025-02-18|2025-02-21|2025-02-23|2025-02-24|2025-03-12|2025-03-28|2025-03-30|2025-04-17|2025-04-20|2025-04-23|2025-04-29|2025-05-02|2025-05-04|2025-05-07|2025-05-16|2025-05-19|2025-06-07|2025-06-10|2025-06-12|2025-06-17|2025-06-19|2025-06-22|2025-06-30|2025-07-01|2025-07-03|2025-07-12|2025-07-17|2025-07-20|2025-07-23|2025-07-28|2025-08-02|2025-08-05|2025-08-11|2025-08-13|2025-08-14|2025-08-16|2025-09-09|2025-09-14|2025-09-17|2025-09-19|2025-09-22|2025-09-25|2025-10-02|2025-10-10|2025-10-15|2025-10-18|2025-10-21|2025-10-27|2025-10-29|2025-11-01|2025-11-03|2025-11-13|2025-11-14|2025-11-19|2025-11-22|2025-11-25|2025-11-27|2025-12-08|2025-12-10|2025-12-20|2025-12-22|2025-12-25|2025-12-28|2025-12-31|2026-01-07|2026-01-09|2026-01-11|2026-01-12|2026-01-14|2026-01-17|2026-01-19|2026-01-25|2026-01-27|2026-02-14|2026-02-15|2026-02-17|2026-02-19|2026-02-20|2026-02-23|2026-03-01|2026-03-17|2026-03-18|2026-03-21|2026-03-22|2026-03-24|2026-03-31|2026-04-06|2026-04-21
57,Center (Core/Consolidation),0,213,4,67,52236.09,-0.023699,2021-06-01|2021-06-10|2021-06-23|2021-07-12|2021-07-22|2021-07-31|2021-08-05|2021-09-15|2021-10-02|2021-11-03|2021-11-09|2021-11-18|2021-12-04|2021-12-13|2021-12-24|2022-01-02|2022-01-07|2022-01-21|2022-02-05|2022-04-26|2022-06-03|2022-06-05|2022-06-12|2022-07-19|2022-08-11|2022-08-26|2022-09-20|2022-11-08|2023-02-16|2023-03-18|2023-03-20|2023-04-01|2023-04-19|2023-04-28|2023-05-03|2023-06-05|2023-07-14|2023-08-17|2023-08-30|2023-11-23|2023-12-19|2023-12-26|2024-01-05|2024-01-22|2024-02-15|2024-03-14|2024-05-10|2024-06-26|2024-07-07|2024-08-02|2024-08-22|2024-09-03|2024-09-25|2024-11-30|2024-12-07|2024-12-14|2025-01-07|2025-02-04|2025-02-26|2025-04-02|2025-05-09|2025-08-23|2025-10-09|2025-11-06|2025-11-08|2025-11-16|2026-03-26
58,Center (Core/Consolidation),0,213,4,161,59681.1,-0.01122,2021-06-01|2021-06-04|2021-06-20|2021-06-23|2021-07-22|2021-07-24|2021-07-31|2021-08-02|2021-08-21|2021-09-09|2021-09-15|2021-11-03|2021-11-09|2021-11-20|2021-12-13|2021-12-16|2021-12-24|2021-12-28|2022-01-15|2022-02-07|2022-02-16|2022-02-19|2022-02-25|2022-03-30|2022-04-04|2022-04-08|2022-04-10|2022-04-21|2022-05-31|2022-06-15|2022-07-05|2022-07-14|2022-08-06|2022-08-28|2022-09-08|2022-09-25|2022-09-29|2022-10-18|2022-10-24|2022-11-09|2022-11-20|2022-12-03|2022-12-16|2023-01-15|2023-01-17|2023-01-21|2023-01-30|2023-02-08|2023-02-23|2023-03-07|2023-04-28|2023-05-03|2023-05-08|2023-05-18|2023-05-24|2023-05-26|2023-05-31|2023-06-14|2023-06-24|2023-06-26|2023-07-06|2023-07-16|2023-07-24|2023-08-02|2023-08-04|2023-08-17|2023-08-30|2023-09-08|2023-10-04|2023-10-17|2023-10-24|2023-10-26|2023-11-25|2023-12-28|2024-01-05|2024-01-07|2024-01-11|2024-01-22|2024-02-21|2024-04-09|2024-04-28|2024-04-30|2024-05-23|2024-05-28|2024-06-11|2024-06-13|2024-06-26|2024-06-28|2024-07-09|2024-07-16|2024-07-22|2024-07-27|2024-08-20|2024-08-22|2024-09-03|2024-09-10|2024-09-14|2024-09-16|2024-09-25|2024-09-27|2024-10-05|2024-10-09|2024-10-15|2024-10-17|2024-10-21|2024-10-25|2024-11-07|2024-11-09|2024-11-22|2024-12-07|2024-12-14|2024-12-18|2024-12-22|2025-01-09|2025-01-18|2025-01-24|2025-01-30|2025-02-13|2025-02-23|2025-02-28|2025-03-28|2025-04-06|2025-04-17|2025-05-09|2025-05-16|2025-05-23|2025-06-07|2025-06-12|2025-06-19|2025-06-24|2025-06-30|2025-08-16|2025-08-21|2025-08-23|2025-08-29|2025-09-19|2025-09-25|2025-09-27|2025-10-02|2025-10-09|2025-10-21|2025-10-29|2025-11-03|2025-11-08|2025-11-27|2025-12-03|2025-12-12|2025-12-14|2025-12-31|2026-01-14|2026-01-22|2026-01-27|2026-01-29|2026-02-14|2026-02-23|2026-03-21|2026-03-24|2026-04-06|2026-04-08|2026-04-14|2026-04-16
59,Center (Core/Consolidation),0,213,4,79,51441.48,0.013196,2021-06-03|2021-07-02|2021-07-04|2021-07-09|2021-07-14|2021-07-16|2021-08-07|2021-09-11|2021-09-13|2021-09-27|2021-10-06|2021-10-11|2021-10-20|2021-10-28|2021-11-30|2021-12-02|2021-12-11|2021-12-15|2021-12-20|2021-12-26|2022-01-11|2022-01-23|2022-01-28|2022-02-09|2022-03-21|2022-04-18|2022-05-02|2022-05-29|2022-06-09|2022-06-28|2022-07-07|2022-07-23|2022-08-01|2022-08-15|2022-09-03|2022-09-22|2022-11-17|2022-11-27|2022-12-13|2023-02-03|2023-03-13|2023-03-15|2023-04-25|2023-05-05|2023-05-28|2023-06-02|2023-09-03|2023-09-06|2023-09-17|2023-10-28|2023-11-27|2024-01-18|2024-01-26|2024-03-04|2024-05-25|2024-06-17|2024-06-30|2024-07-11|2024-08-28|2024-09-07|2024-09-12|2024-10-29|2024-11-20|2024-12-11|2025-01-13|2025-01-15|2025-01-20|2025-02-08|2025-02-17|2025-03-24|2025-05-13|2025-06-09|2025-06-28|2025-10-17|2025-11-12|2025-12-07|2026-02-04|2026-03-12|2026-03-28
60,Center (Core/Consolidation),0,213,4,234,57530.57,0.003272,2021-06-09|2021-07-08|2021-07-13|2021-07-29|2021-09-10|2021-09-18|2021-09-21|2021-09-25|2021-10-10|2021-10-24|2021-11-06|2021-11-08|2021-11-10|2021-11-12|2021-11-23|2021-12-07|2021-12-14|2021-12-21|2021-12-25|2021-12-29|2022-01-12|2022-01-16|2022-01-20|2022-01-22|2022-01-31|2022-02-08|2022-02-22|2022-02-26|2022-03-07|2022-03-24|2022-03-26|2022-03-29|2022-04-07|2022-04-22|2022-04-25|2022-07-11|2022-07-13|2022-07-15|2022-07-17|2022-07-20|2022-08-07|2022-08-18|2022-08-27|2022-09-02|2022-09-28|2022-09-30|2022-10-15|2022-10-19|2022-10-23|2022-10-30|2022-11-04|2022-11-29|2022-12-08|2022-12-10|2022-12-12|2022-12-24|2023-01-08|2023-01-10|2023-01-14|2023-01-20|2023-01-22|2023-01-24|2023-01-27|2023-01-29|2023-02-07|2023-02-14|2023-03-01|2023-04-06|2023-04-08|2023-04-10|2023-04-29|2023-05-04|2023-05-09|2023-05-27|2023-06-01|2023-06-17|2023-06-19|2023-06-25|2023-06-29|2023-07-01|2023-07-03|2023-07-05|2023-07-07|2023-07-09|2023-07-11|2023-07-17|2023-07-23|2023-07-25|2023-07-27|2023-08-01|2023-08-03|2023-08-05|2023-08-07|2023-08-10|2023-08-12|2023-08-14|2023-08-18|2023-08-20|2023-08-25|2023-08-27|2023-08-31|2023-09-05|2023-09-09|2023-09-16|2023-09-18|2023-10-08|2023-10-12|2023-10-20|2023-10-31|2023-11-03|2023-11-05|2023-11-07|2023-11-11|2023-12-10|2023-12-16|2023-12-22|2023-12-29|2024-01-19|2024-01-21|2024-01-25|2024-02-02|2024-02-05|2024-02-07|2024-02-11|2024-02-16|2024-02-20|2024-02-22|2024-02-24|2024-03-15|2024-03-30|2024-04-03|2024-04-06|2024-04-29|2024-05-01|2024-05-09|2024-05-13|2024-06-03|2024-06-08|2024-06-10|2024-06-14|2024-06-16|2024-07-17|2024-07-19|2024-07-23|2024-07-28|2024-07-30|2024-08-01|2024-08-03|2024-08-16|2024-08-19|2024-09-11|2024-09-15|2024-09-21|2024-09-28|2024-10-08|2024-10-10|2024-10-18|2024-10-20|2024-10-22|2024-10-24|2024-10-26|2024-10-28|2024-11-05|2024-11-21|2024-11-23|2024-12-19|2024-12-30|2025-01-08|2025-01-14|2025-01-19|2025-01-23|2025-02-07|2025-03-01|2025-03-27|2025-03-29|2025-03-31|2025-04-05|2025-04-26|2025-04-30|2025-05-05|2025-05-17|2025-05-22|2025-05-24|2025-05-26|2025-06-08|2025-06-13|2025-06-20|2025-06-25|2025-06-27|2025-07-01|2025-07-06|2025-07-12|2025-07-16|2025-07-26|2025-08-02|2025-08-17|2025-08-24|2025-08-26|2025-08-28|2025-09-01|2025-09-12|2025-09-14|2025-09-18|2025-09-20|2025-10-05|2025-10-12|2025-10-18|2025-10-26|2025-10-30|2025-11-17|2025-11-28|2025-12-04|2025-12-09|2025-12-13|2025-12-23|2025-12-26|2025-12-30|2026-01-03|2026-01-05|2026-01-12|2026-01-15|2026-01-23|2026-01-28|2026-01-30|2026-02-01|2026-02-15|2026-02-20|2026-02-27|2026-03-11|2026-03-13|2026-03-15|2026-03-22|2026-03-27|2026-04-13
61,Center (Core/Consolidation),0,213,4,472,60587.71,-0.000241,2021-06-09|2021-07-28|2021-07-29|2021-08-24|2021-09-21|2021-09-23|2021-09-25|2021-10-23|2021-10-24|2021-11-01|2021-11-05|2021-11-06|2021-11-08|2021-11-10|2021-11-11|2021-11-12|2021-11-16|2021-12-07|2021-12-08|2021-12-16|2021-12-17|2021-12-21|2021-12-30|2021-12-31|2022-01-12|2022-01-13|2022-01-20|2022-01-30|2022-01-31|2022-02-01|2022-02-11|2022-02-12|2022-02-14|2022-02-19|2022-02-20|2022-03-23|2022-03-24|2022-03-26|2022-04-14|2022-04-21|2022-04-22|2022-04-24|2022-04-25|2022-05-03|2022-06-30|2022-07-03|2022-07-11|2022-07-12|2022-07-17|2022-07-28|2022-07-31|2022-08-04|2022-08-17|2022-08-18|2022-09-05|2022-09-25|2022-09-29|2022-09-30|2022-10-04|2022-10-06|2022-10-09|2022-10-11|2022-10-12|2022-10-13|2022-10-14|2022-10-15|2022-10-16|2022-10-17|2022-10-18|2022-10-19|2022-10-20|2022-10-21|2022-10-22|2022-10-23|2022-10-24|2022-10-30|2022-10-31|2022-11-02|2022-11-03|2022-11-04|2022-11-05|2022-11-06|2022-11-07|2022-11-18|2022-11-20|2022-11-23|2022-11-24|2022-11-25|2022-11-26|2022-11-28|2022-11-29|2022-12-15|2022-12-16|2022-12-27|2022-12-28|2022-12-29|2022-12-30|2022-12-31|2023-01-01|2023-01-02|2023-01-03|2023-01-04|2023-01-05|2023-01-06|2023-01-07|2023-01-08|2023-01-09|2023-01-10|2023-01-14|2023-01-19|2023-01-22|2023-01-23|2023-01-24|2023-02-06|2023-02-07|2023-02-08|2023-02-10|2023-02-11|2023-02-12|2023-02-13|2023-02-14|2023-02-26|2023-02-27|2023-02-28|2023-03-01|2023-03-02|2023-03-03|2023-03-04|2023-03-07|2023-03-11|2023-03-30|2023-04-05|2023-04-06|2023-04-07|2023-04-08|2023-04-10|2023-04-11|2023-04-12|2023-04-13|2023-04-14|2023-04-15|2023-04-16|2023-05-13|2023-05-15|2023-05-16|2023-05-23|2023-05-24|2023-05-27|2023-06-17|2023-06-18|2023-07-05|2023-07-06|2023-07-10|2023-07-11|2023-07-12|2023-07-21|2023-07-22|2023-07-23|2023-07-31|2023-08-01|2023-08-02|2023-08-03|2023-08-04|2023-08-05|2023-08-06|2023-08-07|2023-08-09|2023-08-10|2023-08-11|2023-08-12|2023-08-13|2023-08-14|2023-08-15|2023-08-16|2023-08-24|2023-08-25|2023-08-26|2023-08-27|2023-08-28|2023-09-05|2023-09-08|2023-09-09|2023-09-10|2023-09-18|2023-09-19|2023-09-20|2023-09-21|2023-09-22|2023-09-23|2023-09-24|2023-09-25|2023-09-26|2023-09-28|2023-10-04|2023-10-08|2023-10-11|2023-10-12|2023-10-13|2023-10-14|2023-10-17|2023-10-19|2023-10-30|2023-10-31|2023-11-01|2023-11-02|2023-11-03|2023-11-04|2023-11-05|2023-11-06|2023-11-07|2023-11-08|2023-11-10|2023-11-11|2023-11-12|2023-11-14|2023-11-29|2023-11-30|2023-12-01|2023-12-02|2023-12-05|2023-12-06|2023-12-07|2023-12-08|2023-12-09|2023-12-10|2024-01-21|2024-02-01|2024-02-02|2024-02-05|2024-02-06|2024-02-07|2024-02-08|2024-02-10|2024-02-11|2024-02-21|2024-02-22|2024-02-23|2024-02-24|2024-02-25|2024-02-27|2024-03-27|2024-03-29|2024-03-30|2024-03-31|2024-04-02|2024-04-03|2024-04-04|2024-04-05|2024-04-06|2024-05-06|2024-05-30|2024-06-03|2024-06-06|2024-06-07|2024-06-08|2024-06-09|2024-06-10|2024-06-20|2024-06-21|2024-06-22|2024-06-24|2024-07-04|2024-07-06|2024-07-14|2024-07-17|2024-07-18|2024-07-23|2024-07-28|2024-08-16|2024-08-18|2024-08-19|2024-08-20|2024-08-30|2024-08-31|2024-09-11|2024-09-14|2024-09-15|2024-09-20|2024-09-24|2024-10-02|2024-10-03|2024-10-08|2024-10-13|2024-10-15|2024-10-31|2024-11-01|2024-11-02|2024-11-03|2024-11-05|2024-11-22|2024-11-23|2024-11-24|2024-11-27|2024-12-22|2024-12-25|2024-12-27|2024-12-28|2024-12-29|2024-12-30|2024-12-31|2025-01-01|2025-01-03|2025-01-04|2025-01-05|2025-01-28|2025-01-30|2025-02-01|2025-02-11|2025-02-20|2025-02-23|2025-02-25|2025-03-11|2025-03-15|2025-03-17|2025-03-27|2025-03-28|2025-03-29|2025-03-30|2025-03-31|2025-04-17|2025-04-20|2025-04-25|2025-04-26|2025-04-27|2025-04-29|2025-04-30|2025-05-01|2025-05-02|2025-05-03|2025-05-04|2025-05-05|2025-05-16|2025-05-17|2025-05-21|2025-05-22|2025-05-26|2025-05-27|2025-05-30|2025-05-31|2025-06-01|2025-06-02|2025-06-03|2025-06-04|2025-06-05|2025-06-07|2025-06-16|2025-06-19|2025-06-20|2025-06-21|2025-06-30|2025-07-01|2025-07-03|2025-07-04|2025-07-05|2025-07-06|2025-07-07|2025-07-08|2025-07-09|2025-07-11|2025-07-12|2025-07-14|2025-07-15|2025-07-16|2025-07-17|2025-07-18|2025-07-19|2025-07-22|2025-07-25|2025-07-26|2025-07-30|2025-07-31|2025-08-01|2025-08-02|2025-08-04|2025-08-05|2025-08-06|2025-08-08|2025-08-09|2025-08-10|2025-08-11|2025-08-13|2025-09-05|2025-09-06|2025-09-07|2025-09-08|2025-09-09|2025-09-11|2025-09-12|2025-09-13|2025-09-14|2025-09-15|2025-09-16|2025-09-17|2025-09-18|2025-09-19|2025-09-20|2025-09-21|2025-09-23|2025-09-24|2025-10-04|2025-10-12|2025-10-13|2025-10-14|2025-10-18|2025-10-19|2025-10-20|2025-10-21|2025-10-24|2025-10-25|2025-10-26|2025-10-27|2025-10-28|2025-10-30|2025-11-02|2025-11-04|2025-11-14|2025-11-17|2025-11-21|2025-11-22|2025-11-24|2025-11-27|2025-11-28|2025-11-29|2025-12-09|2025-12-19|2025-12-20|2025-12-23|2025-12-26|2025-12-27|2025-12-28|2025-12-29|2025-12-30|2025-12-31|2026-01-02|2026-01-03|2026-01-05|2026-01-06|2026-01-07|2026-01-08|2026-01-09|2026-01-10|2026-01-11|2026-01-12|2026-01-14|2026-01-15|2026-01-16|2026-01-17|2026-01-18|2026-01-27|2026-01-28|2026-02-15|2026-02-16|2026-02-17|2026-02-19|2026-02-20|2026-02-21|2026-02-22|2026-02-27|2026-02-28|2026-03-01|2026-03-13|2026-03-15|2026-03-16|2026-03-18|2026-03-19|2026-03-20|2026-03-22|2026-03-24|2026-03-31|2026-04-01|2026-04-03|2026-04-04
62,Center (Core/Consolidation),0,213,3,9,41992.7,0.044164,2021-06-11|2021-08-09|2022-03-16|2022-05-17|2022-07-18|2022-09-14|2023-02-15|2025-03-19|2026-03-02
63,Center (Core/Consolidation),0,213,3,17,42137.34,0.032438,2021-06-11|2021-08-09|2021-12-10|2022-04-12|2022-05-17|2022-06-17|2022-07-18|2022-08-25|2022-09-14|2022-09-19|2023-02-15|2023-11-22|2024-01-13|2024-08-06|2025-03-02|2025-03-19|2026-03-02
64,Outlier (Anomaly),27,2,1,1,35552.52,-0.048904,2021-06-12
65,Outlier (Anomaly),27,2,1,1,35552.52,-0.048904,2021-06-12
66,Outlier (Anomaly),28,1,0,1,39097.86,0.095057,2021-06-13
67,Outlier (Anomaly),29,1,0,1,40218.48,0.028259,2021-06-14
68,Outlier (Anomaly),30,1,0,1,40406.27,0.004658,2021-06-15
69,Center (Core/Consolidation),0,213,3,16,49372.17,-0.018924,2021-06-16|2021-08-14|2021-08-16|2021-10-16|2022-03-10|2022-03-17|2022-05-09|2022-05-13|2023-03-22|2023-03-24|2023-06-09|2024-03-23|2024-05-18|2024-08-24|2024-11-16|2025-03-05
70,Outlier (Anomaly),31,2,1,1,38053.5,-0.007685,2021-06-17
71,Outlier (Anomaly),31,2,1,1,38053.5,-0.007685,2021-06-17
72,Outlier (Anomaly),32,2,1,1,35787.25,-0.061402,2021-06-18
73,Outlier (Anomaly),32,2,1,1,35787.25,-0.061402,2021-06-18
74,Center (Core/Consolidation),33,21,3,1,31676.69,-0.119522,2021-06-21
75,Center (Core/Consolidation),33,21,3,1,31676.69,-0.119522,2021-06-21
76,Center (Core/Consolidation),33,21,3,10,49492.26,-0.041357,2021-06-21|2021-06-30|2021-10-07|2021-10-12|2021-10-21|2022-03-06|2022-03-15|2022-09-13|2024-05-21|2024-11-12
77,Center (Core/Consolidation),33,21,3,1,31676.69,-0.119522,2021-06-21
78,Outlier (Anomaly),34,4,3,1,32505.66,0.025833,2021-06-22
79,Outlier (Anomaly),34,4,3,1,32505.66,0.025833,2021-06-22
80,Outlier (Anomaly),34,4,3,1,32505.66,0.025833,2021-06-22
81,Outlier (Anomaly),34,4,3,1,32505.66,0.025833,2021-06-22
82,Center (Core/Consolidation),0,213,3,20,53802.91,-0.024852,2021-06-23|2021-07-12|2022-01-21|2022-03-01|2022-05-18|2022-09-10|2023-02-16|2023-03-20|2023-04-19|2023-06-07|2024-02-29|2024-03-07|2024-04-17|2024-08-02|2024-08-22|2024-09-03|2024-11-14|2025-02-04|2025-08-23|2025-11-08
83,Center (Core/Consolidation),0,213,3,1,31637.78,-0.091305,2021-06-25
84,Center (Core/Consolidation),0,213,3,20,48622.08,-0.016183,2021-06-25|2021-08-14|2021-08-28|2021-10-16|2022-03-01|2022-03-03|2022-03-10|2022-03-17|2022-05-07|2022-05-11|2022-11-13|2023-02-18|2023-03-24|2023-11-18|2024-03-23|2024-05-18|2024-08-24|2024-11-16|2025-03-05|2026-03-05
85,Center (Core/Consolidation),0,213,3,1,31637.78,-0.091305,2021-06-25
86,Center (Core/Consolidation),0,213,3,1,31637.78,-0.091305,2021-06-25
87,Outlier (Anomaly),35,2,1,1,32186.28,0.017188,2021-06-26
88,Outlier (Anomaly),35,2,1,1,32186.28,0.017188,2021-06-26
89,Outlier (Anomaly),36,4,3,1,34649.64,0.073747,2021-06-27
90,Outlier (Anomaly),36,4,3,1,34649.64,0.073747,2021-06-27
91,Outlier (Anomaly),36,4,3,1,34649.64,0.073747,2021-06-27
92,Outlier (Anomaly),36,4,3,1,34649.64,0.073747,2021-06-27
93,Center (Core/Consolidation),0,213,3,30,57377.79,0.036729,2021-06-29|2021-07-11|2021-07-21|2021-08-04|2021-09-14|2021-11-02|2021-12-10|2021-12-23|2022-01-27|2022-06-02|2022-08-10|2023-02-15|2023-03-28|2023-04-27|2024-01-01|2024-01-04|2024-01-13|2024-04-08|2024-08-21|2024-09-02|2024-11-06|2024-12-06|2025-03-02|2025-03-19|2025-04-16|2025-10-01|2025-11-26|2026-01-26|2026-03-02|2026-03-09
94,Flare (Branch/Trend),33,21,1,1,35040.84,-0.023325,2021-06-30
95,Center (Core/Consolidation),0,213,3,26,50078.96,0.002198,2021-07-02|2021-07-14|2021-10-20|2021-11-22|2021-11-28|2021-11-30|2022-02-09|2022-03-19|2022-06-07|2022-06-28|2022-08-23|2022-09-01|2022-09-17|2023-02-20|2023-10-28|2023-11-20|2023-11-27|2024-01-18|2024-05-25|2024-06-30|2024-09-07|2024-11-18|2025-03-07|2025-03-24|2025-11-10|2026-03-07
96,Center (Core/Consolidation),0,213,3,1,34668.55,0.022505,2021-07-03
97,Center (Core/Consolidation),0,213,3,1,34668.55,0.022505,2021-07-03
98,Flare (Branch/Trend),0,213,1,1,33746.0,-0.044675,2021-07-05
99,Center (Core/Consolidation),0,213,3,19,43152.06,-0.050234,2021-07-05|2021-08-10|2021-10-02|2021-12-04|2022-01-21|2022-04-26|2022-05-05|2022-06-12|2022-08-19|2022-11-08|2023-03-18|2023-03-20|2023-04-19|2023-11-16|2023-12-11|2024-08-07|2025-02-04|2025-03-20|2026-03-03
100,Center (Core/Consolidation),0,213,3,45,56203.56,0.015812,2021-07-06|2021-07-25|2021-08-06|2021-08-11|2021-10-03|2021-10-05|2022-01-08|2022-01-22|2022-02-08|2022-03-09|2022-03-11|2022-08-12|2022-08-27|2022-08-29|2023-01-31|2023-03-19|2023-03-21|2023-04-20|2023-04-22|2023-11-24|2023-12-12|2023-12-20|2024-01-10|2024-01-23|2024-03-01|2024-03-17|2024-04-16|2024-05-11|2024-05-15|2024-08-03|2024-08-23|2024-09-04|2024-11-10|2024-12-08|2025-01-08|2025-01-10|2025-03-21|2025-05-10|2025-08-30|2025-11-09|2026-01-30|2026-02-01|2026-04-09|2026-04-13|2026-04-15
101,Center (Core/Consolidation),0,213,3,1,33520.52,-0.008244,2021-07-10
102,Center (Core/Consolidation),0,213,3,1,33520.52,-0.008244,2021-07-10
103,Center (Core/Consolidation),0,213,3,18,52583.83,0.039696,2021-07-11|2021-07-21|2021-09-08|2021-10-13|2021-11-19|2021-12-23|2022-02-24|2022-03-16|2022-04-27|2023-02-15|2023-10-23|2024-01-04|2024-04-08|2024-08-21|2024-09-02|2024-12-06|2025-03-19|2026-03-02
104,Flare (Branch/Trend),0,213,1,1,32702.03,-0.013782,2021-07-13
105,Center (Core/Consolidation),0,213,4,42,58548.79,-0.00761,2021-07-14|2021-08-30|2021-10-04|2021-10-18|2021-11-22|2021-11-24|2021-11-30|2022-01-04|2022-01-09|2022-02-27|2022-03-19|2022-04-30|2022-05-27|2022-06-07|2022-06-28|2022-09-01|2022-09-17|2023-03-26|2023-04-23|2023-07-18|2023-12-13|2023-12-21|2023-12-23|2023-12-30|2024-01-24|2024-04-21|2024-04-23|2024-05-14|2024-08-26|2024-11-18|2024-12-02|2024-12-16|2025-01-11|2025-02-06|2025-03-07|2025-03-09|2025-03-22|2025-08-25|2025-08-27|2025-08-31|2026-02-02|2026-04-18
106,Flare (Branch/Trend),0,213,1,1,35350.19,0.030379,2021-07-25
107,Center (Core/Consolidation),0,213,3,20,59671.69,0.028189,2021-07-26|2021-08-18|2021-09-01|2021-10-28|2022-01-11|2022-02-09|2023-03-28|2023-06-11|2023-11-27|2024-01-13|2024-03-04|2024-06-30|2024-08-28|2024-09-07|2024-11-11|2024-11-20|2024-12-11|2025-03-02|2025-12-07|2026-03-09
108,Center (Core/Consolidation),0,213,3,1,37337.54,0.054695,2021-07-26
109,Center (Core/Consolidation),0,213,3,1,37337.54,0.054695,2021-07-26
110,Center (Core/Consolidation),0,213,3,1,37337.54,0.054695,2021-07-26
111,Outlier (Anomaly),37,2,1,1,47793.32,0.073009,2021-08-13
112,Outlier (Anomaly),37,2,1,1,47793.32,0.073009,2021-08-13
113,Outlier (Anomaly),38,1,0,1,47047.0,-0.001061,2021-08-15
114,Flare (Branch/Trend),0,213,1,1,44801.19,0.002365,2021-08-18
115,Outlier (Anomaly),39,2,1,1,46942.22,-0.042102,2021-08-26
116,Outlier (Anomaly),39,2,1,1,46942.22,-0.042102,2021-08-26
117,Outlier (Anomaly),40,1,0,1,49058.67,0.044099,2021-08-27
118,Center (Core/Consolidation),0,213,3,1,48829.83,-0.001485,2021-08-29
119,Center (Core/Consolidation),0,213,3,1,48829.83,-0.001485,2021-08-29
120,Center (Core/Consolidation),0,213,3,1,48829.83,-0.001485,2021-08-29
121,Flare (Branch/Trend),0,213,1,1,47054.98,-0.037025,2021-08-30
122,Flare (Branch/Trend),0,213,1,1,47166.69,0.002371,2021-08-31
123,Flare (Branch/Trend),0,213,1,1,48847.03,0.035006,2021-09-01
124,Outlier (Anomaly),41,2,1,1,46811.13,-0.117232,2021-09-07
125,Outlier (Anomaly),41,2,1,1,46811.13,-0.117232,2021-09-07
126,Outlier (Anomaly),42,1,0,1,46063.27,0.018887,2021-09-12
127,Outlier (Anomaly),43,1,0,1,42843.8,-0.098108,2021-09-20
128,Flare (Branch/Trend),33,21,1,1,53805.98,-0.028499,2021-10-07
129,Flare (Branch/Trend),33,21,1,1,56041.06,-0.025436,2021-10-12
130,Center (Core/Consolidation),0,213,3,1,57401.1,0.023979,2021-10-13
131,Outlier (Anomaly),44,2,1,1,61593.95,0.071887,2021-10-15
132,Outlier (Anomaly),44,2,1,1,61593.95,0.071887,2021-10-15
133,Outlier (Anomaly),45,1,0,1,61553.62,0.010804,2021-10-17
134,Flare (Branch/Trend),0,213,1,1,64261.99,0.035413,2021-10-19
135,Center (Core/Consolidation),33,21,3,1,62210.17,-0.059028,2021-10-21
136,Center (Core/Consolidation),33,21,3,9,42848.24,-0.027082,2021-10-21|2022-02-10|2022-05-16|2022-09-18|2022-11-16|2023-02-21|2023-11-21|2024-03-26|2025-04-15
137,Center (Core/Consolidation),33,21,3,1,62210.17,-0.059028,2021-10-21
138,Outlier (Anomaly),46,2,1,1,60363.79,-0.043377,2021-10-26
139,Outlier (Anomaly),46,2,1,1,60363.79,-0.043377,2021-10-26
140,Center (Core/Consolidation),0,213,3,1,58119.58,0.020467,2021-11-19
141,Flare (Branch/Trend),0,213,1,1,57569.07,0.022481,2021-11-23
142,Outlier (Anomaly),47,1,0,1,53569.77,-0.066874,2021-11-26
143,Outlier (Anomaly),48,1,0,1,54815.08,0.02298,2021-11-27
144,Flare (Branch/Trend),0,213,1,1,57248.46,0.043435,2021-11-28
145,Center (Core/Consolidation),0,213,3,1,49200.7,-0.085608,2021-12-04
146,Flare (Branch/Trend),0,213,1,1,50429.86,-0.00775,2021-12-25
147,Center (Core/Consolidation),0,213,3,1,43569.0,-0.052066,2022-01-05
148,Center (Core/Consolidation),0,213,3,1,43569.0,-0.052066,2022-01-05
149,Center (Core/Consolidation),0,213,3,1,36457.32,-0.109605,2022-01-21
150,Center (Core/Consolidation),0,213,3,1,35030.25,-0.03993,2022-01-22
151,Center (Core/Consolidation),0,213,3,1,44118.45,0.006325,2022-02-08
152,Center (Core/Consolidation),0,213,3,1,44338.8,0.004982,2022-02-09
153,Outlier (Anomaly),49,2,1,1,43193.23,0.135764,2022-02-28
154,Outlier (Anomaly),49,2,1,1,43193.23,0.135764,2022-02-28
155,Center (Core/Consolidation),0,213,3,1,44354.64,0.026533,2022-03-01
156,Outlier (Anomaly),50,2,1,1,43924.12,-0.009754,2022-03-02
157,Outlier (Anomaly),50,2,1,1,43924.12,-0.009754,2022-03-02
158,Outlier (Anomaly),51,2,1,1,39137.61,-0.081285,2022-03-04
159,Outlier (Anomaly),51,2,1,1,39137.61,-0.081285,2022-03-04
160,Outlier (Anomaly),52,2,1,1,39400.59,0.006697,2022-03-05
161,Outlier (Anomaly),52,2,1,1,39400.59,0.006697,2022-03-05
162,Flare (Branch/Trend),33,21,1,1,38419.98,-0.025203,2022-03-06
163,Flare (Branch/Trend),0,213,1,1,38062.04,-0.00936,2022-03-07
164,Outlier (Anomaly),53,1,0,1,39666.75,0.046891,2022-03-14
165,Center (Core/Consolidation),0,213,3,1,41143.93,0.044865,2022-03-16
166,Center (Core/Consolidation),0,213,3,5,54996.92,0.046823,2022-03-16|2022-09-09|2024-03-06|2024-03-22|2025-04-09
167,Outlier (Anomaly),54,2,1,1,41801.16,0.020539,2022-03-18
168,Outlier (Anomaly),54,2,1,1,41801.16,0.020539,2022-03-18
169,Center (Core/Consolidation),0,213,3,1,41247.82,-0.0226,2022-03-20
170,Center (Core/Consolidation),0,213,3,1,41247.82,-0.0226,2022-03-20
171,Flare (Branch/Trend),0,213,1,1,40127.18,0.015199,2022-04-12
172,Center (Core/Consolidation),0,213,3,1,39241.12,0.029053,2022-04-27
173,Center (Core/Consolidation),0,213,3,1,36575.14,-0.081941,2022-05-05
174,Center (Core/Consolidation),0,213,3,1,36575.14,-0.081941,2022-05-05
175,Center (Core/Consolidation),0,213,3,1,36575.14,-0.081941,2022-05-05
176,Outlier (Anomaly),55,1,0,1,36040.92,-0.014714,2022-05-06
177,Outlier (Anomaly),56,1,0,1,31022.91,0.023679,2022-05-10
178,Flare (Branch/Trend),0,213,1,1,28936.36,-0.069627,2022-05-11
179,Outlier (Anomaly),57,2,1,1,29047.75,0.003842,2022-05-12
180,Outlier (Anomaly),57,2,1,1,29047.75,0.003842,2022-05-12
181,Outlier (Anomaly),58,1,0,1,30101.27,0.027557,2022-05-14
182,Outlier (Anomaly),59,1,0,1,31305.11,0.039214,2022-05-15
183,Flare (Branch/Trend),33,21,1,1,29862.92,-0.047164,2022-05-16
184,Flare (Branch/Trend),0,213,1,1,28720.27,-0.05769,2022-05-18
185,Outlier (Anomaly),60,1,0,1,30314.33,0.054017,2022-05-19
186,Outlier (Anomaly),61,3,2,1,29200.74,-0.037427,2022-05-20
187,Outlier (Anomaly),61,3,2,1,29200.74,-0.037427,2022-05-20
188,Outlier (Anomaly),61,3,2,1,29200.74,-0.037427,2022-05-20
189,Outlier (Anomaly),62,2,1,1,29432.23,0.007896,2022-05-21
190,Outlier (Anomaly),62,2,1,1,29432.23,0.007896,2022-05-21
191,Outlier (Anomaly),63,2,1,1,30323.72,0.02984,2022-05-22
192,Outlier (Anomaly),63,2,1,1,30323.72,0.02984,2022-05-22
193,Outlier (Anomaly),64,1,0,1,29098.91,-0.04123,2022-05-23
194,Outlier (Anomaly),65,1,0,1,29655.59,0.01895,2022-05-24
195,Outlier (Anomaly),66,2,1,1,29562.36,-0.003149,2022-05-25
196,Outlier (Anomaly),66,2,1,1,29562.36,-0.003149,2022-05-25
197,Outlier (Anomaly),67,2,1,1,31370.67,0.047792,2022-06-06
198,Outlier (Anomaly),67,2,1,1,31370.67,0.047792,2022-06-06
199,Center (Core/Consolidation),0,213,3,1,26762.65,-0.058001,2022-06-12
200,Outlier (Anomaly),68,2,1,1,22487.39,-0.174053,2022-06-13
201,Outlier (Anomaly),68,2,1,1,22487.39,-0.174053,2022-06-13
202,Outlier (Anomaly),69,1,0,1,22206.79,-0.012556,2022-06-14
203,Outlier (Anomaly),70,2,1,1,20381.65,-0.102112,2022-06-16
204,Outlier (Anomaly),70,2,1,1,20381.65,-0.102112,2022-06-16
205,Center (Core/Consolidation),0,213,3,1,20471.48,0.004398,2022-06-17
206,Center (Core/Consolidation),0,213,3,1,20471.48,0.004398,2022-06-17
207,Center (Core/Consolidation),0,213,3,1,20471.48,0.004398,2022-06-17
208,Outlier (Anomaly),71,1,0,1,19017.64,-0.073666,2022-06-18
209,Outlier (Anomaly),72,2,1,1,20553.27,0.077653,2022-06-19
210,Outlier (Anomaly),72,2,1,1,20553.27,0.077653,2022-06-19
211,Outlier (Anomaly),73,2,1,1,20599.54,0.002248,2022-06-20
212,Outlier (Anomaly),73,2,1,1,20599.54,0.002248,2022-06-20
213,Outlier (Anomaly),74,1,0,1,20710.6,0.005377,2022-06-21
214,Outlier (Anomaly),75,2,1,1,19987.03,-0.035562,2022-06-22
215,Outlier (Anomaly),75,2,1,1,19987.03,-0.035562,2022-06-22
216,Outlier (Anomaly),76,2,1,1,21085.88,0.05352,2022-06-23
217,Outlier (Anomaly),76,2,1,1,21085.88,0.05352,2022-06-23
218,Outlier (Anomaly),77,4,3,1,21231.66,0.00689,2022-06-24
219,Outlier (Anomaly),77,4,3,1,21231.66,0.00689,2022-06-24
220,Outlier (Anomaly),77,4,3,1,21231.66,0.00689,2022-06-24
221,Outlier (Anomaly),77,4,3,1,21231.66,0.00689,2022-06-24
222,Center (Core/Consolidation),0,213,3,1,21502.34,0.012668,2022-06-25
223,Center (Core/Consolidation),0,213,3,1,21502.34,0.012668,2022-06-25
224,Flare (Branch/Trend),0,213,1,1,20860.45,-0.034477,2022-07-10
225,Center (Core/Consolidation),0,213,3,1,22485.69,0.07892,2022-07-18
226,Center (Core/Consolidation),0,213,3,1,22485.69,0.07892,2022-07-18
227,Center (Core/Consolidation),0,213,3,1,23231.73,-0.006765,2022-07-20
228,Outlier (Anomaly),78,1,0,1,21361.7,-0.056756,2022-07-25
229,Outlier (Anomaly),79,1,0,1,21166.06,0.013724,2022-08-20
230,Flare (Branch/Trend),0,213,1,1,21398.91,-0.006299,2022-08-22
231,Flare (Branch/Trend),0,213,1,1,21395.02,-0.0062,2022-08-24
232,Flare (Branch/Trend),0,213,1,1,21600.9,0.009577,2022-08-25
233,Center (Core/Consolidation),0,213,3,1,20041.74,-0.010832,2022-08-27
234,Center (Core/Consolidation),0,213,3,1,20049.76,0.012697,2022-08-31
235,Center (Core/Consolidation),0,213,3,1,20049.76,0.012697,2022-08-31
236,Center (Core/Consolidation),0,213,3,1,20049.76,0.012697,2022-08-31
237,Center (Core/Consolidation),0,213,3,1,19969.77,-0.007849,2022-09-02
238,Flare (Branch/Trend),0,213,1,1,21381.15,0.10086,2022-09-09
239,Flare (Branch/Trend),0,213,1,1,21680.54,0.013905,2022-09-10
240,Outlier (Anomaly),80,2,1,1,21769.26,0.004084,2022-09-11
241,Outlier (Anomaly),80,2,1,1,21769.26,0.004084,2022-09-11
242,Outlier (Anomaly),81,1,0,1,22370.45,0.027242,2022-09-12
243,Flare (Branch/Trend),33,21,1,1,20296.71,-0.097282,2022-09-13
244,Center (Core/Consolidation),0,213,3,1,20241.09,-0.002744,2022-09-14
245,Center (Core/Consolidation),0,213,3,1,20241.09,-0.002744,2022-09-14
246,Outlier (Anomaly),82,4,3,1,19701.21,-0.027035,2022-09-15
247,Outlier (Anomaly),82,4,3,1,19701.21,-0.027035,2022-09-15
248,Outlier (Anomaly),82,4,3,1,19701.21,-0.027035,2022-09-15
249,Outlier (Anomaly),82,4,3,1,19701.21,-0.027035,2022-09-15
250,Outlier (Anomaly),83,2,1,1,19772.58,0.003616,2022-09-16
251,Outlier (Anomaly),83,2,1,1,19772.58,0.003616,2022-09-16
252,Center (Core/Consolidation),0,213,3,1,20127.58,0.017794,2022-09-17
253,Center (Core/Consolidation),0,213,3,1,20127.58,0.017794,2022-09-17
254,Flare (Branch/Trend),33,21,1,1,19419.51,-0.035813,2022-09-18
255,Flare (Branch/Trend),0,213,1,1,19544.13,0.006397,2022-09-19
256,Center (Core/Consolidation),0,213,3,1,19297.64,-0.005989,2022-09-23
257,Center (Core/Consolidation),0,213,3,1,19297.64,-0.005989,2022-09-23
258,Center (Core/Consolidation),0,213,3,1,18541.27,-0.105429,2022-11-08
259,Flare (Branch/Trend),0,213,1,1,15880.78,-0.15489,2022-11-09
260,Outlier (Anomaly),84,1,0,1,17586.77,0.102037,2022-11-10
261,Outlier (Anomaly),85,2,1,1,17034.29,-0.031918,2022-11-11
262,Outlier (Anomaly),85,2,1,1,17034.29,-0.031918,2022-11-11
263,Outlier (Anomaly),86,2,1,1,16799.19,-0.013898,2022-11-12
264,Outlier (Anomaly),86,2,1,1,16799.19,-0.013898,2022-11-12
265,Center (Core/Consolidation),0,213,3,1,16353.37,-0.026897,2022-11-13
266,Center (Core/Consolidation),0,213,3,1,16353.37,-0.026897,2022-11-13
267,Center (Core/Consolidation),0,213,3,1,16353.37,-0.026897,2022-11-13
268,Outlier (Anomaly),87,1,0,1,16618.2,0.016065,2022-11-14
269,Outlier (Anomaly),88,1,0,1,16884.61,0.015904,2022-11-15
270,Flare (Branch/Trend),33,21,1,1,16669.44,-0.012826,2022-11-16
271,Flare (Branch/Trend),0,213,1,1,23032.78,-0.003687,2023-01-26
272,Center (Core/Consolidation),0,213,3,1,24327.64,-0.01281,2023-02-19
273,Center (Core/Consolidation),0,213,3,1,24327.64,-0.01281,2023-02-19
274,Center (Core/Consolidation),0,213,3,1,24327.64,-0.01281,2023-02-19
275,Flare (Branch/Trend),0,213,1,1,24829.15,0.020405,2023-02-20
276,Center (Core/Consolidation),33,21,3,1,24436.35,-0.015946,2023-02-21
277,Center (Core/Consolidation),33,21,3,1,24436.35,-0.015946,2023-02-21
278,Center (Core/Consolidation),33,21,3,1,24436.35,-0.015946,2023-02-21
279,Flare (Branch/Trend),0,213,1,1,28038.68,0.039013,2023-03-19
280,Center (Core/Consolidation),0,213,3,1,27767.24,-0.009728,2023-03-20
281,Center (Core/Consolidation),0,213,3,1,28175.82,0.014607,2023-03-21
282,Center (Core/Consolidation),0,213,3,1,28175.82,0.014607,2023-03-21
283,Outlier (Anomaly),89,2,1,1,28333.97,0.036902,2023-03-23
284,Outlier (Anomaly),89,2,1,1,28333.97,0.036902,2023-03-23
285,Center (Core/Consolidation),0,213,3,1,27494.71,5.2e-05,2023-03-25
286,Center (Core/Consolidation),0,213,3,1,27494.71,5.2e-05,2023-03-25
287,Center (Core/Consolidation),0,213,3,1,27494.71,5.2e-05,2023-03-25
288,Flare (Branch/Trend),0,213,1,1,27139.89,-0.030997,2023-03-27
289,Center (Core/Consolidation),0,213,3,1,28822.68,-0.0532,2023-04-19
290,Center (Core/Consolidation),0,213,3,1,27817.5,0.019625,2023-04-22
291,Center (Core/Consolidation),0,213,3,1,27817.5,0.019625,2023-04-22
292,Center (Core/Consolidation),0,213,3,1,27817.5,0.019625,2023-04-22
293,Flare (Branch/Trend),0,213,1,1,27591.38,-0.008162,2023-04-23
294,Flare (Branch/Trend),0,213,1,1,27745.88,-0.012171,2023-05-29
295,Outlier (Anomaly),90,1,0,1,27238.78,0.055815,2023-06-06
296,Flare (Branch/Trend),0,213,1,1,26346.0,-0.033325,2023-06-07
297,Outlier (Anomaly),91,1,0,1,26508.22,0.006138,2023-06-08
298,Center (Core/Consolidation),0,213,3,1,25940.17,0.003434,2023-06-11
299,Center (Core/Consolidation),0,213,3,1,25940.17,0.003434,2023-06-11
300,Center (Core/Consolidation),0,213,3,1,25940.17,0.003434,2023-06-11
301,Flare (Branch/Trend),0,213,1,1,25902.5,-0.001453,2023-06-12
302,Center (Core/Consolidation),0,213,3,1,30145.89,-0.003419,2023-07-17
303,Center (Core/Consolidation),0,213,3,1,36154.77,-0.04663,2023-11-16
304,Center (Core/Consolidation),0,213,3,1,36154.77,-0.04663,2023-11-16
305,Center (Core/Consolidation),0,213,3,1,36154.77,-0.04663,2023-11-16
306,Outlier (Anomaly),92,2,1,1,37386.55,0.021653,2023-11-19
307,Outlier (Anomaly),92,2,1,1,37386.55,0.021653,2023-11-19
308,Flare (Branch/Trend),0,213,1,1,37476.96,0.002415,2023-11-20
309,Flare (Branch/Trend),33,21,1,1,35813.81,-0.045393,2023-11-21
310,Center (Core/Consolidation),0,213,3,1,37254.17,-0.00602,2023-11-27
311,Center (Core/Consolidation),0,213,3,1,41243.83,-0.059669,2023-12-11
312,Center (Core/Consolidation),0,213,3,1,41243.83,-0.059669,2023-12-11
313,Center (Core/Consolidation),0,213,3,1,41243.83,-0.059669,2023-12-11
314,Center (Core/Consolidation),0,213,3,1,43997.9,0.002931,2023-12-22
315,Flare (Branch/Trend),0,213,1,1,42099.4,-0.012474,2023-12-29
316,Outlier (Anomaly),93,1,0,1,46970.5,0.066624,2024-01-08
317,Flare (Branch/Trend),0,213,1,1,46627.78,0.010522,2024-01-10
318,Flare (Branch/Trend),0,213,1,1,42853.17,-0.078843,2024-01-12
319,Center (Core/Consolidation),0,213,3,1,42842.38,-0.000252,2024-01-13
320,Outlier (Anomaly),94,2,1,1,41796.27,-0.024721,2024-01-14
321,Outlier (Anomaly),94,2,1,1,41796.27,-0.024721,2024-01-14
322,Flare (Branch/Trend),0,213,1,1,52160.2,0.004258,2024-02-16
323,Flare (Branch/Trend),0,213,1,1,62440.63,0.020095,2024-03-01
324,Center (Core/Consolidation),0,213,3,1,63167.37,0.018172,2024-03-03
325,Center (Core/Consolidation),0,213,3,1,63167.37,0.018172,2024-03-03
326,Center (Core/Consolidation),0,213,3,1,63167.37,0.018172,2024-03-03
327,Outlier (Anomaly),95,1,0,1,63801.2,-0.068583,2024-03-05
328,Flare (Branch/Trend),0,213,1,1,66106.8,0.0355,2024-03-06
329,Flare (Branch/Trend),0,213,1,1,66925.48,0.012308,2024-03-07
330,Outlier (Anomaly),96,1,0,1,68300.09,0.020331,2024-03-08
331,Outlier (Anomaly),97,2,1,1,68498.88,0.002906,2024-03-09
332,Outlier (Anomaly),97,2,1,1,68498.88,0.002906,2024-03-09
333,Outlier (Anomaly),98,4,3,1,69019.79,0.007576,2024-03-10
334,Outlier (Anomaly),98,4,3,1,69019.79,0.007576,2024-03-10
335,Outlier (Anomaly),98,4,3,1,69019.79,0.007576,2024-03-10
336,Outlier (Anomaly),98,4,3,1,69019.79,0.007576,2024-03-10
337,Outlier (Anomaly),99,1,0,1,72123.91,0.043992,2024-03-11
338,Flare (Branch/Trend),0,213,1,1,69403.77,-0.028309,2024-03-15
339,Flare (Branch/Trend),0,213,1,1,61912.77,-0.087121,2024-03-19
340,Outlier (Anomaly),100,2,1,1,67913.67,0.092511,2024-03-20
341,Outlier (Anomaly),100,2,1,1,67913.67,0.092511,2024-03-20
342,Outlier (Anomaly),101,4,3,1,65491.39,-0.036319,2024-03-21
343,Outlier (Anomaly),101,4,3,1,65491.39,-0.036319,2024-03-21
344,Outlier (Anomaly),101,4,3,1,65491.39,-0.036319,2024-03-21
345,Outlier (Anomaly),101,4,3,1,65491.39,-0.036319,2024-03-21
346,Outlier (Anomaly),102,2,1,1,67234.17,0.048327,2024-03-24
347,Outlier (Anomaly),102,2,1,1,67234.17,0.048327,2024-03-24
348,Outlier (Anomaly),103,1,0,1,69958.81,0.039725,2024-03-25
349,Flare (Branch/Trend),33,21,1,1,69987.84,0.000415,2024-03-26
350,Outlier (Anomaly),104,1,0,1,70587.88,0.020739,2024-04-10
351,Outlier (Anomaly),105,1,0,1,65738.73,0.029599,2024-04-14
352,Flare (Branch/Trend),0,213,1,1,63512.75,0.035841,2024-04-18
353,Outlier (Anomaly),106,2,1,1,63843.57,0.005195,2024-04-19
354,Outlier (Anomaly),106,2,1,1,63843.57,0.005195,2024-04-19
355,Flare (Branch/Trend),0,213,1,1,64994.44,0.017866,2024-04-20
356,Flare (Branch/Trend),0,213,1,1,66837.68,0.029009,2024-04-22
357,Flare (Branch/Trend),0,213,1,1,62901.45,0.023371,2024-05-13
358,Flare (Branch/Trend),0,213,1,1,67051.88,0.027523,2024-05-17
359,Center (Core/Consolidation),0,213,3,1,66278.37,-0.009945,2024-05-19
360,Center (Core/Consolidation),0,213,3,1,66278.37,-0.009945,2024-05-19
361,Outlier (Anomaly),107,1,0,1,71448.2,0.075109,2024-05-20
362,Outlier (Anomaly),108,1,0,1,68526.1,0.008743,2024-05-24
363,Outlier (Anomaly),109,1,0,1,68518.09,-0.010856,2024-05-26
364,Outlier (Anomaly),110,1,0,1,60887.38,0.00936,2024-06-29
365,Center (Core/Consolidation),0,213,3,1,62678.29,0.028989,2024-06-30
366,Center (Core/Consolidation),0,213,3,1,60680.09,-0.012039,2024-08-03
367,Flare (Branch/Trend),0,213,1,1,56034.32,0.037138,2024-08-06
368,Center (Core/Consolidation),0,213,3,1,55027.46,-0.018132,2024-08-07
369,Center (Core/Consolidation),0,213,3,1,55027.46,-0.018132,2024-08-07
370,Center (Core/Consolidation),0,213,3,1,55027.46,-0.018132,2024-08-07
371,Outlier (Anomaly),111,1,0,1,61710.14,0.114616,2024-08-08
372,Outlier (Anomaly),112,1,0,1,60880.11,-0.013542,2024-08-09
373,Outlier (Anomaly),113,1,0,1,60945.81,0.001079,2024-08-10
374,Outlier (Anomaly),114,1,0,1,58719.48,-0.037214,2024-08-11
375,Outlier (Anomaly),115,2,1,1,59354.52,0.010757,2024-08-12
376,Outlier (Anomaly),115,2,1,1,59354.52,0.010757,2024-08-12
377,Outlier (Anomaly),116,1,0,1,60609.57,0.020925,2024-08-13
378,Outlier (Anomaly),117,2,1,1,58737.27,-0.031378,2024-08-14
379,Outlier (Anomaly),117,2,1,1,58737.27,-0.031378,2024-08-14
380,Flare (Branch/Trend),0,213,1,1,64333.54,0.002405,2024-08-25
381,Outlier (Anomaly),118,2,1,1,59504.13,-0.055193,2024-08-27
382,Outlier (Anomaly),118,2,1,1,59504.13,-0.055193,2024-08-27
383,Center (Core/Consolidation),0,213,3,1,54139.69,0.003533,2024-09-07
384,Flare (Branch/Trend),0,213,1,1,67014.7,0.005571,2024-10-26
385,Flare (Branch/Trend),33,21,1,1,87955.81,-0.008442,2024-11-12
386,Flare (Branch/Trend),0,213,1,1,87250.43,-0.037497,2024-11-14
387,Center (Core/Consolidation),0,213,3,1,91066.01,0.042802,2024-11-15
388,Center (Core/Consolidation),0,213,3,1,91066.01,0.042802,2024-11-15
389,Center (Core/Consolidation),0,213,3,1,91066.01,0.042802,2024-11-15
390,Outlier (Anomaly),119,1,0,1,89845.85,-0.0079,2024-11-17
391,Center (Core/Consolidation),0,213,3,1,100043.0,-0.011232,2024-12-12
392,Center (Core/Consolidation),0,213,3,1,100043.0,-0.011232,2024-12-12
393,Center (Core/Consolidation),0,213,3,1,95043.52,-0.019579,2025-01-08
394,Center (Core/Consolidation),0,213,3,1,97871.82,-0.035468,2025-02-04
395,Outlier (Anomaly),120,1,0,1,96615.45,-0.01292,2025-02-05
396,Center (Core/Consolidation),0,213,3,1,96529.09,-0.000665,2025-02-07
397,Flare (Branch/Trend),0,213,1,1,86031.91,0.019471,2025-03-01
398,Center (Core/Consolidation),0,213,3,1,94248.35,0.091215,2025-03-02
399,Outlier (Anomaly),121,4,3,1,86065.67,-0.090823,2025-03-03
400,Outlier (Anomaly),121,4,3,1,86065.67,-0.090823,2025-03-03
401,Outlier (Anomaly),121,4,3,1,86065.67,-0.090823,2025-03-03
402,Outlier (Anomaly),121,4,3,1,86065.67,-0.090823,2025-03-03
403,Outlier (Anomaly),122,1,0,1,87222.2,0.013348,2025-03-04
404,Flare (Branch/Trend),0,213,1,1,89961.73,-0.00733,2025-03-06
405,Center (Core/Consolidation),0,213,3,1,86742.67,-0.036438,2025-03-07
406,Center (Core/Consolidation),0,213,3,1,86742.67,-0.036438,2025-03-07
407,Outlier (Anomaly),123,1,0,1,86154.59,-0.006803,2025-03-08
408,Center (Core/Consolidation),0,213,3,1,82718.5,-0.016274,2025-03-18
409,Center (Core/Consolidation),0,213,3,1,82718.5,-0.016274,2025-03-18
410,Flare (Branch/Trend),0,213,1,1,84167.2,-0.031426,2025-03-20
411,Flare (Branch/Trend),0,213,1,1,84043.24,-0.001474,2025-03-21
412,Flare (Branch/Trend),0,213,1,1,86054.38,0.026159,2025-03-23
413,Outlier (Anomaly),124,1,0,1,79235.34,0.012968,2025-04-07
414,Center (Core/Consolidation),0,213,3,1,82573.95,0.079389,2025-04-09
415,Center (Core/Consolidation),0,213,3,1,82573.95,0.079389,2025-04-09
416,Center (Core/Consolidation),0,213,3,1,82573.95,0.079389,2025-04-09
417,Outlier (Anomaly),125,1,0,1,79626.14,-0.036352,2025-04-10
418,Outlier (Anomaly),126,2,1,1,83404.84,0.046364,2025-04-11
419,Outlier (Anomaly),126,2,1,1,83404.84,0.046364,2025-04-11
420,Outlier (Anomaly),127,1,0,1,85287.11,0.022317,2025-04-12
421,Outlier (Anomaly),128,2,1,1,83684.98,-0.018964,2025-04-13
422,Outlier (Anomaly),128,2,1,1,83684.98,-0.018964,2025-04-13
423,Outlier (Anomaly),129,1,0,1,84542.39,0.010194,2025-04-14
424,Center (Core/Consolidation),0,213,3,1,103539.41,-0.00607,2025-05-14
425,Center (Core/Consolidation),0,213,3,1,103539.41,-0.00607,2025-05-14
426,Flare (Branch/Trend),0,213,1,1,113458.43,-0.016745,2025-08-24
427,Flare (Branch/Trend),0,213,1,1,111802.66,0.015125,2025-08-26
428,Center (Core/Consolidation),0,213,3,1,112544.8,0.011823,2025-08-28
429,Flare (Branch/Trend),0,213,1,1,109250.59,0.009324,2025-09-01
430,Center (Core/Consolidation),0,213,3,1,84128.66,-0.005133,2026-01-30
431,Center (Core/Consolidation),0,213,3,1,76974.45,-0.021167,2026-02-01
432,Outlier (Anomaly),130,1,0,1,75633.55,-0.0396,2026-02-03
433,Outlier (Anomaly),131,2,1,1,62702.1,-0.152334,2026-02-05
434,Outlier (Anomaly),131,2,1,1,62702.1,-0.152334,2026-02-05
435,Outlier (Anomaly),132,2,1,1,70555.39,0.118003,2026-02-06
436,Outlier (Anomaly),132,2,1,1,70555.39,0.118003,2026-02-06
437,Outlier (Anomaly),133,1,0,1,69281.97,-0.018213,2026-02-07
438,Outlier (Anomaly),134,1,0,1,70264.73,0.014085,2026-02-08
439,Outlier (Anomaly),135,1,0,1,70120.78,-0.002051,2026-02-09
440,Outlier (Anomaly),136,2,1,1,68793.96,-0.019103,2026-02-10
441,Outlier (Anomaly),136,2,1,1,68793.96,-0.019103,2026-02-10
442,Outlier (Anomaly),137,1,0,1,66991.97,-0.026543,2026-02-11
443,Outlier (Anomaly),138,1,0,1,66221.84,-0.011562,2026-02-12
444,Flare (Branch/Trend),0,213,1,1,72710.58,0.06267,2026-03-04
445,Flare (Branch/Trend),0,213,1,1,68136.49,-0.038927,2026-03-06
446,Center (Core/Consolidation),0,213,3,1,65969.78,-0.019556,2026-03-08
447,Center (Core/Consolidation),0,213,3,1,65969.78,-0.019556,2026-03-08
448,Flare (Branch/Trend),0,213,1,1,69926.92,0.022043,2026-03-10
449,Center (Core/Consolidation),0,213,3,1,74484.64,0.051392,2026-04-13
450,Flare (Branch/Trend),0,213,1,1,77126.88,0.025937,2026-04-17
